{
  "best_metric": null,
  "best_model_checkpoint": null,
  "epoch": 1.0,
  "eval_steps": 500,
  "global_step": 49,
  "is_hyper_param_search": false,
  "is_local_process_zero": true,
  "is_world_process_zero": true,
  "log_history": [
    {
      "epoch": 0.20565552699228792,
      "grad_norm": 4.358417987823486,
      "learning_rate": 1.8611111111111114e-05,
      "loss": 3.8485,
      "step": 10
    },
    {
      "epoch": 0.41131105398457585,
      "grad_norm": 2.0543465614318848,
      "learning_rate": 1.7222222222222224e-05,
      "loss": 2.7535,
      "step": 20
    },
    {
      "epoch": 0.6169665809768637,
      "grad_norm": 2.5944347381591797,
      "learning_rate": 1.5833333333333333e-05,
      "loss": 2.6317,
      "step": 30
    },
    {
      "epoch": 0.8226221079691517,
      "grad_norm": 2.0921759605407715,
      "learning_rate": 1.4444444444444446e-05,
      "loss": 2.2963,
      "step": 40
    }
  ],
  "logging_steps": 10,
  "max_steps": 144,
  "num_input_tokens_seen": 0,
  "num_train_epochs": 3,
  "save_steps": 500,
  "stateful_callbacks": {
    "TrainerControl": {
      "args": {
        "should_epoch_stop": false,
        "should_evaluate": false,
        "should_log": false,
        "should_save": true,
        "should_training_stop": false
      },
      "attributes": {}
    }
  },
  "total_flos": 3247446538352640.0,
  "train_batch_size": 1,
  "trial_name": null,
  "trial_params": null
}
