{"train_steps_per_second":0.551,"total_flos":9.580493855551488e+15,"train_runtime":261.4473,"train_samples_per_second":4.464,"train_loss":2.3815124299791126,"train/loss":2.061,"_runtime":262.263297578,"_timestamp":1.741413420841421e+09,"_wandb":{"runtime":262},"_step":14,"train/grad_norm":2.4608166217803955,"train/global_step":144,"train/epoch":2.9460154241645244,"train/learning_rate":5.555555555555555e-07}